label,error
H,-0.002243489952276523
He,0.014385971200879921
Li,-0.0036199420220199563
Be,-0.009172611686735499
B,0.00277998827404885
C,0.006653934879865653
N,0.008183797549883187
O,0.001711412966592718
F,0.005097635720987093
Ne,0.006968586777142183
Na,-0.0051670258514218415
Mg,0.002212921462313222
Al,-0.007126335243445386
Si,-0.0053294891548262835
P,-0.003966458555651753
S,0.0012800946718797834
Cl,0.0024814929798504526
Ar,0.0036900995249831148
