label,error
H,0.004168483403995005
He,0.004510023503435323
Li,0.01740559149726109
Be,0.01767998689918654
B,0.01705376805774178
C,0.02038285644397464
N,0.02178144254815384
O,0.007006494862501711
F,0.015386804416892552
Ne,0.02014847951304788
Na,0.01667407152169062
Mg,0.013855952821171247
Al,0.005532086786213891
Si,0.00570256467356095
P,0.005639090342953568
S,0.008083624273591272
Cl,0.007587861204765511
Ar,0.004898336206560661
