label,error
H,0.0022154425767879626
He,0.011323826262467418
Li,0.009945489763235421
Be,-0.002331020596707367
B,0.0065158585999249286
C,0.0036276762165471377
N,0.0021044386461855913
O,0.009131474060190214
F,0.007330277465812607
Ne,0.005312198564788706
Na,0.005240568597286027
Mg,0.004716129812589731
Al,0.0011318151360870943
Si,0.001634113263185022
P,-0.0009119570614468109
S,0.002398879034170409
Cl,0.0048726785983854715
Ar,0.002172773119804905
