label,error
H,-0.0009442918355414553
He,0.009690564592820139
Li,0.0058190228702255375
Be,-0.010790219614540908
B,0.013217783000661842
C,0.007272069526096936
N,0.0015545603068648495
O,0.015289996362490399
F,0.007307730594022566
Ne,0.0015181082659206924
Na,0.007863161477273478
Mg,-0.00015518182921736567
Al,-0.0015602688852464908
Si,-0.004474885710260501
P,-0.006919774928774769
S,0.003535349067259108
Cl,-6.0667346790443943e-05
Ar,-0.002685716133901561
