label,error
H,0.002981517678900536
He,0.005374457952194933
Li,0.0038071920624896116
Be,-0.009971832129699598
B,0.009006006489524043
C,0.005718962305537922
N,0.002540299555377934
O,0.008755114032446443
F,0.0036448290021988683
Ne,-4.702658411914751e-05
Na,0.00021457876397221187
Mg,0.0020336223981129997
Al,-0.0008524213666629421
Si,-0.0025088195323179074
P,-0.0036552846715091625
S,0.0020883173348906214
Cl,0.00043283079454803364
Ar,-0.0010507221560422941
