label,error
H,0.00017046089905559114
He,0.0012997081192439586
Li,-0.00019340883354687644
Be,-0.019549354218525272
B,0.017440453310945958
C,0.015077825270994105
N,0.01003095851714908
O,0.0036813237629402806
F,0.0042578867638534135
Ne,-0.0030316397727209177
Na,0.0006121610136619882
Mg,-0.010185045116787972
Al,0.0069414965273569
Si,0.00598357506530639
P,0.005013405820733896
S,0.0006810164527550344
Cl,0.001197472971082414
Ar,-0.00011853144974827146
