label,error
H,0.00017046145315657846
He,0.0012997045426347276
Li,0.00015423985942500384
Be,-0.01921030612197777
B,0.01875009702467806
C,0.015572490843248965
N,0.009095704561268625
O,0.005244943749453057
F,0.004647295399210272
Ne,-0.00467507802920053
Na,0.0014742082466898399
Mg,-0.009370859067178383
Al,0.007528169580577365
Si,0.006129196264032466
P,0.0046395544362956564
S,0.0017044260579936465
Cl,0.0014939440231069856
Ar,-0.0002901908250172447
