label,error
H,-0.001965281068452618
He,0.0077432511421750005
Li,0.005149147331706266
Be,-0.008752995882942705
B,0.0004084442468823002
C,-0.0019355196403963992
N,0.0059559530606282385
O,0.007019657669850687
F,0.0032246285114334583
Ne,0.004516635829341031
Na,-0.0023026067844409692
Mg,0.0028802443363074026
Al,-0.005556431097350573
Si,-0.007210084483369961
P,-0.001065499465056019
S,-0.0029694796779622945
Cl,-0.0037373166108272127
Ar,0.0018116507042074126
