label,error
H,0.0001831488425122485
He,0.0068586678624139585
Li,-0.0027763999446159537
Be,-0.014051434730610046
B,0.005485116490184072
C,0.0028844099131092316
N,0.008499936915996265
O,0.0060925417746986454
F,0.004352412740403544
Ne,0.004168986515886819
Na,-0.011232629293432411
Mg,-0.0025401399494344723
Al,-0.005570059753896989
Si,-0.00739844264350048
P,-0.004966535391275284
S,-0.0007878933059728976
Cl,-0.0021316776789921388
Ar,0.0006892716173703128
