label,error
H,-0.0007877777749338288
He,0.011234617093450416
Li,-0.005785857351999518
Be,-0.013927886356051522
B,-0.0016174435728196213
C,0.0023774334155405308
N,0.0005578645746954214
O,0.011135776609883408
F,0.0064208406471104595
Ne,0.0036226187512592434
Na,-0.004122427146030533
Mg,-0.0010257150165844386
Al,-0.008034673458074043
Si,-0.0014675042624163193
P,-0.0012512629880058745
S,0.0005476826944558755
Cl,0.003135501046099387
Ar,0.0011226152199648176
