label,error
H,0.00017046193166647683
He,0.0012997071177321962
Li,7.768167907776236e-05
Be,-0.01934733381043957
B,0.018776168685774752
C,0.015468720524070556
N,0.00920096291943684
O,0.004809933364946062
F,0.0032693408648478695
Ne,-0.006354291539984014
Na,0.0015015946763401178
Mg,-0.009218553080944769
Al,0.007551388545830956
Si,0.006095642561808667
P,0.004790135943750828
S,0.0013646976357321594
Cl,0.0019268844860358403
Ar,0.0007898534946613189
