label,error
H,0.002981517989117499
He,0.005374459284716138
Li,0.003807203731748948
Be,-0.00997183569550325
B,0.009006062790468394
C,0.005719009438502121
N,0.0025400656534632082
O,0.0087552592156257
F,0.003644647211204166
Ne,-4.68898643565252e-05
Na,0.00021457830015833568
Mg,0.0020336229399444683
Al,-0.0008524211376692292
Si,-0.002508793152196709
P,-0.0036552808984135488
S,0.0020885289446354594
Cl,0.0004326957391891373
Ar,-0.0010510813775730377
