label,error
H,0.0041684840151337
He,0.0045096103375489305
Li,0.01737252593439556
Be,0.01768512783371795
B,0.01704714393769108
C,0.020368061720874686
N,0.02178492266745058
O,0.007003630953015261
F,0.01539827441536179
Ne,0.020105330936112442
Na,0.016662566817329888
Mg,0.013855385188105362
Al,0.005566648671841118
Si,0.00569916466790793
P,0.0056352087613338875
S,0.008087891504042932
Cl,0.007588348544654844
Ar,0.004893970719076268
