label,error
H,0.00017046138980181258
He,0.001299709142678629
Li,-0.00019073164405633558
Be,-0.01952975574524901
B,0.017417123062702433
C,0.015091895103546471
N,0.010041166318331185
O,0.0037219709699982673
F,0.004260747608328508
Ne,-0.003011614330396095
Na,0.000615610302644426
Mg,-0.010186332503326678
Al,0.006937752979577577
Si,0.0059858905855548206
P,0.004971664524732022
S,0.0007000519089601087
Cl,0.0012763683475010001
Ar,-3.53561877139974e-05
