label,error
H,-0.014373663753118548
He,-0.00865682425578529
Li,0.0022455154953853473
Be,-0.016026808687569505
B,0.007510347783493632
C,0.00893222770627633
N,0.009535931434854539
O,0.002606082419141842
F,0.005964990092892641
Ne,0.008549671147926152
Na,0.003377399469569581
Mg,-0.006339609345235697
Al,-0.0004525729162918324
Si,-0.0005454408226001628
P,-0.0006747008934264165
S,-0.0008103395576782302
Cl,-0.000496491115857145
Ar,-0.0004084347444908154
