label,error
H,-0.0009442914675193981
He,0.009690562993787455
Li,0.0058190227698729224
Be,-0.010790219402811607
B,0.013217794104210145
C,0.00727200102206782
N,0.0015546805302054656
O,0.0152898419600902
F,0.007306172087809593
Ne,0.0015073934497219499
Na,0.007863158282758603
Mg,-0.0001551811312654472
Al,-0.0015602974314430085
Si,-0.004474880098109757
P,-0.006919772288568493
S,0.0035353535462362973
Cl,-6.065983572844935e-05
Ar,-0.002685733317439709
