label,error
H,-1.0267906873140387e-05
He,-0.004337007662109316
Li,0.00725002869503924
Be,-0.011891061122992375
B,0.013843357255210964
C,0.010323817970467553
N,0.007223337472773372
O,0.016308160073641886
F,0.008531636268558351
Ne,0.0034026372629024637
Na,0.00811136572792634
Mg,-0.0012595886190811534
Al,0.0033743075432784153
Si,0.0016343535072905202
P,-1.8034550890388967e-05
S,0.0025427619415935854
Cl,3.329863451662085e-05
Ar,-0.002208223367920592
