label,error
H,-0.0009442914675195091
He,0.009690562958475257
Li,0.005819022749508768
Be,-0.01079021940078656
B,0.013217802216423269
C,0.007271990424656871
N,0.001554846975963975
O,0.015290023060678948
F,0.007306733376467811
Ne,0.0015432989988904966
Na,0.00786315836216886
Mg,-0.00015518113137913403
Al,-0.001560210410876256
Si,-0.0044748865419365624
P,-0.006919773159182296
S,0.003535359786791037
Cl,-6.066613682143007e-05
Ar,-0.002685575526816475
