label,error
H,0.0001704613898013685
He,0.001299709142678629
Li,-0.0001907316197273523
Be,-0.019529755745252564
B,0.017416914853050247
C,0.015093142247019409
N,0.010040650306095578
O,0.0037142636714619925
F,0.00427735072885671
Ne,-0.003049395516106723
Na,0.0006156103026160042
Mg,-0.01018633251065948
Al,0.006937748487441137
Si,0.005986158750863446
P,0.004972215669540037
S,0.0007001183880205875
Cl,0.0012759373905419924
Ar,-2.2006652675710114e-05
