label,error
H,0.003780421805379519
He,0.0018879660376837082
Li,0.01653055194365563
Be,0.014823251562758821
B,0.01261827258742726
C,0.015933078980525317
N,0.018731613504528233
O,0.007272970250717492
F,0.017040002430307233
Ne,0.021760305907130406
Na,0.016841322208647397
Mg,0.014083631340679137
Al,0.004869670387076336
Si,0.005520270547015038
P,0.005035496867180245
S,0.009313112146297431
Cl,0.009596184637555405
Ar,0.007558812424685701
