label,error
H,0.0029815179891180543
He,0.005374458326924958
Li,0.0038072023683826395
Be,-0.009971835705470389
B,0.00900579421059361
C,0.005718949353786251
N,0.002540243929808006
O,0.008755107020071762
F,0.0036450271887114027
Ne,-5.0915803646911506e-05
Na,0.00021457835106161727
Mg,0.002033622951313152
Al,-0.000852416048051613
Si,-0.002508794197717712
P,-0.003655281443882996
S,0.0020885340626463633
Cl,0.0004326954912381442
Ar,-0.001050954626526046
