label,error
H,0.0001831465276860289
He,0.006858638261571737
Li,-0.002779722675306545
Be,-0.014049221985122762
B,0.005488921255589918
C,0.00287958897077234
N,0.00849585570368594
O,0.006082986107593058
F,0.0043616977489486786
Ne,0.003981621807875091
Na,-0.011232621924706337
Mg,-0.00254013312458623
Al,-0.0055700707671672844
Si,-0.007398209211567142
P,-0.004967513133038393
S,-0.0007876044836521712
Cl,-0.002129558734541126
Ar,0.0007156617484675998
