label,error
H,-1.026790687330692e-05
He,-0.004337007662106651
Li,0.007250028686483417
Be,-0.011891061098491085
B,0.013843358500461977
C,0.010323958908232123
N,0.007223393233524056
O,0.0163086080249073
F,0.008529274978273271
Ne,0.003401982452069352
Na,0.008111365522408959
Mg,-0.0012595886559441105
Al,0.0033743075539933998
Si,0.0016343528381866368
P,-1.8034549469303496e-05
S,0.002542761599850951
Cl,3.3298872804232715e-05
Ar,-0.0022076392350576235
