label,error
H,-0.0007877780348730101
He,0.011234617954796522
Li,-0.005785755930328457
Be,-0.013927902904314726
B,-0.0016174260481392477
C,0.0023766705028990254
N,0.0005575037587352005
O,0.011137192753899683
F,0.006422813690208251
Ne,0.0036250793942907977
Na,-0.004122293952663086
Mg,-0.001025716832561141
Al,-0.008034673565365996
Si,-0.001467508107020954
P,-0.0012512647693649348
S,0.0005476768167895218
Cl,0.0031355051015362623
Ar,0.0011217468532955799
