label,error
H,0.00018314652768580686
He,0.0068586382602616736
Li,-0.0027797226795644725
Be,-0.014049221801530953
B,0.005489106219257411
C,0.002879942583719264
N,0.008490190184368251
O,0.006097238551838302
F,0.004315795071208051
Ne,0.00443904782887572
Na,-0.011232615499694704
Mg,-0.0025401331245578085
Al,-0.005570062100308054
Si,-0.0073982090200616635
P,-0.004967512272315344
S,-0.000787592416192251
Cl,-0.00212952010062728
Ar,0.0006856752801192023
