label,error
H,0.00017046193166692092
He,0.0012997089702081466
Li,7.768946484801309e-05
Be,-0.019347331320971384
B,0.018817026389043423
C,0.015465450140618509
N,0.009195516165285134
O,0.004887100761770569
F,0.0032969907417035316
Ne,-0.006452292362545076
Na,0.0015015950569352288
Mg,-0.009218552685030357
Al,0.007539957613882403
Si,0.0061151365719410156
P,0.004801479611984905
S,0.0013867517680622998
Cl,0.0019455862485211473
Ar,0.0007144888842227637
