label,error
H,-0.014377251971350258
He,-0.008434592395554774
Li,0.002261087592542871
Be,-0.016027578648269147
B,0.007656375817961691
C,0.009036355671797502
N,0.00962338907887561
O,0.002691772783414592
F,0.006073371748315459
Ne,0.008692357348516144
Na,0.0033396492624706287
Mg,-0.006259031575342799
Al,-0.00039130422186814395
Si,-0.0004892734515011266
P,-0.0006173018694818899
S,-0.0008180438687659941
Cl,-0.0004472170857956481
Ar,-0.0003224513183162081
