label,error
H,0.0038079247178264275
He,0.0032958340281122878
Li,-0.010099712564441504
Be,-0.0155257480418039
B,0.012369740456004752
C,0.005463253930715006
N,0.006307921477322842
O,0.002632324018328802
F,-0.0059227549421612125
Ne,-0.011663077180393056
Na,-0.02232679912819549
Mg,-0.003260883874605991
Al,-0.003560002347573449
Si,-0.0032617050180420715
P,0.003018702369246784
S,-0.0051059500106490074
Cl,-0.002823649263095751
Ar,0.0018892832883872224
