label,error
H,-0.014373664160920452
He,-0.008656819065998023
Li,0.0022455131989929378
Be,-0.01602680986754118
B,0.007510353016978388
C,0.008932349922163518
N,0.00953599876987743
O,0.0026061629515297113
F,0.005964795596512751
Ne,0.008550805498878877
Na,0.003377398473900256
Mg,-0.006339609927454415
Al,-0.0004525748057102319
Si,-0.0005454449521608562
P,-0.0006747012875218394
S,-0.0008103440252867355
Cl,-0.0004964865608234614
Ar,-0.00040845358285457323
