label,error
H,0.00221009088873636
He,-0.00017874096306524923
Li,0.016178655433119388
Be,0.01430230596723353
B,0.010467789353291568
C,0.014562293202595833
N,0.017791464534419155
O,-0.00016433447122921052
F,0.00982101129170676
Ne,0.01566051036673699
Na,0.015578337490039756
Mg,0.016644403215718473
Al,0.002886755372169897
Si,0.0043770926477917915
P,0.005605542041422995
S,0.004057159707666347
Cl,0.0070175122182514205
Ar,0.007785844980498613
