label,error
H,0.0015479865726273356
He,0.011681470614364975
Li,0.009902099681601967
Be,-0.002778829860752785
B,0.004455864708261703
C,0.0032717177189539592
N,0.0012563272412012827
O,0.007731356383821719
F,0.0066163796807652275
Ne,0.003254974880101291
Na,0.005277870111398214
Mg,0.003926542989785009
Al,-0.0003822264014030352
Si,0.0017643886236896056
P,0.0005270383332747763
S,2.3016398766617652e-05
Cl,0.0050716032167452685
Ar,0.0032116511307500595
