label,error
H,-0.0013255475929408456
He,0.008985200717774755
Li,0.005337479236579262
Be,-0.011155724751422957
B,0.011698916273270743
C,0.0061911150390813185
N,0.0008887206004007941
O,0.012915407908231202
F,0.005427614741734921
Ne,7.194790243503224e-05
Na,0.006555808673452929
Mg,-0.000907507525102158
Al,-0.003265301132732351
Si,-0.0048506052744642925
P,-0.0061721089173540356
S,0.0010444806454856237
Cl,-0.00045005736862768764
Ar,-0.0017000103114290788
