label,error
H,0.002714100159851185
He,0.004940300923806151
Li,0.0036089925264289058
Be,-0.01042832009723954
B,0.007677068878219007
C,0.005221607743558843
N,0.0026869318520755803
O,0.006616057834399669
F,0.002265972660439708
Ne,-0.0007760971842775133
Na,-4.0094964931541854e-05
Mg,0.0013159167583407516
Al,-0.002657200039184876
Si,-0.0029519063904445697
P,-0.002897964647928075
S,-2.2504787570210016e-05
Cl,0.0003698696595189066
Ar,0.00036111965880047947
