label,error
H,-0.0005816511760297627
He,-0.005089360068878723
Li,0.006779431601781766
Be,-0.012360920488308003
B,0.012074589207045239
C,0.009051986472337625
N,0.006611839829077204
O,0.01368297640014049
F,0.006034904025470134
Ne,0.0014593905913012906
Na,0.007099098127354181
Mg,-0.0018549168948882588
Al,0.0016522973605748448
Si,0.001372659732828574
P,0.0012085300263327547
S,0.00012576203478004144
Cl,-0.0004185610148714769
Ar,-0.0007898915986337407
