label,error
H,-0.0004126557749044024
He,0.006504760335975024
Li,-0.0030654324713070558
Be,-0.014355638617854771
B,0.0030926123245606507
C,-0.00032280801327144726
N,0.010645785239561056
O,0.0034933996741060014
F,0.0021968819691418062
Ne,0.0056524869601243255
Na,-0.011555894993905441
Mg,-0.004566065018440479
Al,-0.007969196136035056
Si,-0.009954660879054777
P,-0.002409412242598774
S,-0.003165265141650775
Cl,-0.0025088812851981057
Ar,0.004277967968386864
