label,error
H,-3.2184037811466837e-06
He,0.0009250871081142309
Li,-0.00021376977734363645
Be,-0.019374305149226834
B,0.018048277432675508
C,0.01515630754966113
N,0.008958383711501816
O,0.00379309796209526
F,0.0034910913340846506
Ne,-0.005787060343343309
Na,0.0006362363118614656
Mg,-0.009646706466770905
Al,0.0068277629112816485
Si,0.006096892546201993
P,0.0052591201022954
S,0.0007999316517938726
Cl,0.0014610895248916567
Ar,0.00031684394445585795
