label,error
H,-0.01502104898259371
He,-0.009352168370464597
Li,0.0017543864963416589
Be,-0.01634130179892873
B,0.005249237167429033
C,0.007830181724537533
N,0.009554986589464298
O,-0.000831792138576759
F,0.0035196555701029197
Ne,0.007301760991773709
Na,0.00231077041092817
Mg,-0.006891138460747737
Al,-0.002808947517483479
Si,-0.0008364985886488152
P,0.0011693872741323497
S,-0.004161414669785313
Cl,-0.000977882938318464
Ar,0.001857576544006978
