label,error
H,-0.001932720792869047
He,0.009603013448597486
Li,0.005800506906964237
Be,-0.007889149217963853
B,0.009277213888782387
C,0.0016669376309096373
N,0.0041898099933991295
O,0.02240400776314999
F,0.008580020619008089
Ne,0.007853064621351824
Na,-0.004847234542382922
Mg,-0.0038878024003738965
Al,0.0019803515773406943
Si,0.000770117028969175
P,-0.0004519667806159311
S,0.0042098369648996825
Cl,0.002167355433666751
Ar,4.8241648182401065e-05
