label,error
H,-0.000251876304246168
He,0.020634716533493802
Li,-0.01169402986836851
Be,-0.009958884793914768
B,0.004156483944849743
C,0.008447697098284856
N,0.007690355095249735
O,0.0008335664122327557
F,-0.002527589072328418
Ne,-0.004931147709092865
Na,-0.018140251351071585
Mg,-0.0049203371556987285
Al,-0.004658730202156097
Si,-0.004330715129322094
P,-0.001505133976678008
S,-0.00021720048953427495
Cl,-0.0026285673629649065
Ar,0.00010405438956206936
