label,error
H,-1.0268385726486251e-05
He,-0.00433700823640748
Li,0.007250026929655845
Be,-0.011891057726239274
B,0.013843362970784756
C,0.010323980330036897
N,0.007223230575455708
O,0.016308254433006653
F,0.008530589240280939
Ne,0.003409919859430066
Na,0.008111365614978466
Mg,-0.001259589281505935
Al,0.0033743056749205025
Si,0.0016343515095285643
P,-1.8035662747661885e-05
S,0.0025427593166781892
Cl,3.329571799448594e-05
Ar,-0.0022080697446020814
