label,error
H,0.0022154425767875185
He,0.011323826262466308
Li,0.00994548976324075
Be,-0.002331020596702038
B,0.006515858586033818
C,0.003627676214273401
N,0.0021044386467682363
O,0.009131474085073421
F,0.00733027747168169
Ne,0.005312198556574832
Na,0.00524056859717234
Mg,0.00471612981290237
Al,0.001131815161439259
Si,0.0016341132714273177
P,-0.0009119570616741846
S,0.0023988790171173835
Cl,0.004872678606855141
Ar,0.002172773116849047
