label,error
H,-0.0007877780543237289
He,0.011234617761556431
Li,-0.005785768806400221
Be,-0.01392790185821996
B,-0.0016175114057588869
C,0.0023774886382114113
N,0.0005585853111828021
O,0.011133973460026425
F,0.0064177658223494305
Ne,0.0036223529617781525
Na,-0.004122294490884998
Mg,-0.0010257200104208941
Al,-0.008034672907119206
Si,-0.0014675065067081827
P,-0.00125126853234242
S,0.0005476759419124622
Cl,0.003135505191746768
Ar,0.0011243251648189734
